province_slug,slug,name
gipuzkoa,abaltzisketa,Abaltzisketa
gipuzkoa,aduna,Aduna
gipuzkoa,aia,Aia
gipuzkoa,aizarnazabal,Aizarnazabal
gipuzkoa,albiztur,Albiztur
gipuzkoa,alegia,Alegia
gipuzkoa,alkiza,Alkiza
gipuzkoa,altzaga,Altzaga
gipuzkoa,altzo,Altzo
gipuzkoa,amezketa,Amezketa
gipuzkoa,andoain,Andoain
gipuzkoa,anoeta,Anoeta
gipuzkoa,antzuola,Antzuola
gipuzkoa,arama,Arama
gipuzkoa,aretxabaleta,Aretxabaleta
gipuzkoa,arrasate,Arrasate
gipuzkoa,asteasu,Asteasu
gipuzkoa,astigarraga,Astigarraga
gipuzkoa,ataun,Ataun
gipuzkoa,azkoitia,Azkoitia
gipuzkoa,azpeitia,Azpeitia
gipuzkoa,baliarrain,Baliarrain
gipuzkoa,beasain,Beasain
gipuzkoa,beizama,Beizama
gipuzkoa,belauntza,Belauntza
gipuzkoa,berastegi,Berastegi
gipuzkoa,bergara,Bergara
gipuzkoa,berrobi,Berrobi
gipuzkoa,bidania-goiatz,Bidania-Goiatz
gipuzkoa,deba,Deba
gipuzkoa,donostia,Donostia
gipuzkoa,eibar,Eibar
gipuzkoa,elduain,Elduain
gipuzkoa,elgeta,Elgeta
gipuzkoa,elgoibar,Elgoibar
gipuzkoa,errenteria,Errenteria
gipuzkoa,errezil,Errezil
gipuzkoa,eskoriatza,Eskoriatza
gipuzkoa,ezkio-itsaso,Ezkio-Itsaso
gipuzkoa,gabiria,Gabiria
gipuzkoa,gaintza,Gaintza
gipuzkoa,gaztelu,Gaztelu
gipuzkoa,getaria,Getaria
gipuzkoa,hernani,Hernani
gipuzkoa,hernialde,Hernialde
gipuzkoa,hondarribia,Hondarribia
gipuzkoa,ibarra,Ibarra
gipuzkoa,idiazabal,Idiazabal
gipuzkoa,ikaztegieta,Ikaztegieta
gipuzkoa,irun,Irun
gipuzkoa,irura,Irura
gipuzkoa,itsasondo,Itsasondo
gipuzkoa,larraul,Larraul
gipuzkoa,lasarte-oria,Lasarte-Oria
gipuzkoa,lazkao,Lazkao
gipuzkoa,leaburu,Leaburu
gipuzkoa,legazpi,Legazpi
gipuzkoa,legorreta,Legorreta
gipuzkoa,leintz-gatzaga,Leintz-Gatzaga
gipuzkoa,lezo,Lezo
gipuzkoa,lizartza,Lizartza
gipuzkoa,mendaro,Mendaro
gipuzkoa,mutiloa,Mutiloa
gipuzkoa,mutriku,Mutriku
gipuzkoa,oiartzun,Oiartzun
gipuzkoa,olaberria,Olaberria
gipuzkoa,onati,Oñati
gipuzkoa,ordizia,Ordizia
gipuzkoa,orendain,Orendain
gipuzkoa,orexa,Orexa
gipuzkoa,orio,Orio
gipuzkoa,ormaiztegi,Ormaiztegi
gipuzkoa,pasaia,Pasaia
gipuzkoa,segura,Segura
gipuzkoa,soraluze,Soraluze
gipuzkoa,tolosa,Tolosa
gipuzkoa,urnieta,Urnieta
gipuzkoa,urretxu,Urretxu
gipuzkoa,usurbil,Usurbil
gipuzkoa,villabona,Villabona
gipuzkoa,zaldibia,Zaldibia
gipuzkoa,zarautz,Zarautz
gipuzkoa,zegama,Zegama
gipuzkoa,zerain,Zerain
gipuzkoa,zestoa,Zestoa
gipuzkoa,zizurkil,Zizurkil
gipuzkoa,zumaia,Zumaia
gipuzkoa,zumarraga,Zumarraga
bizkaia,abadino,Abadiño
bizkaia,abanto-zierbena,Abanto-Zierbena
bizkaia,ajangiz,Ajangiz
bizkaia,alonsotegi,Alonsotegi
bizkaia,amorebieta-etxano,Amorebieta-Etxano
bizkaia,amoroto,Amoroto
bizkaia,arakaldo,Arakaldo
bizkaia,arantzazu,Arantzazu
bizkaia,areatza,Areatza
bizkaia,arrankudiaga,Arrankudiaga
bizkaia,arratzu,Arratzu
bizkaia,arrieta,Arrieta
bizkaia,arrigorriaga,Arrigorriaga
bizkaia,artea,Artea
bizkaia,artzentales,Artzentales
bizkaia,atxondo,Atxondo
bizkaia,aulesti,Aulesti
bizkaia,bakio,Bakio
bizkaia,balmaseda,Balmaseda
bizkaia,barakaldo,Barakaldo
bizkaia,barrika,Barrika
bizkaia,basauri,Basauri
bizkaia,bedia,Bedia
bizkaia,berango,Berango
bizkaia,bermeo,Bermeo
bizkaia,berriatua,Berriatua
bizkaia,berriz,Berriz
bizkaia,bilbo,Bilbo
bizkaia,busturia,Busturia
bizkaia,derio,Derio
bizkaia,dima,Dima
bizkaia,durango,Durango
bizkaia,ea,Ea
bizkaia,elantxobe,Elantxobe
bizkaia,elorrio,Elorrio
bizkaia,erandio,Erandio
bizkaia,ereno,Ereño
bizkaia,ermua,Ermua
bizkaia,errigoiti,Errigoiti
bizkaia,etxebarri,Etxebarri
bizkaia,etxebarria,Etxebarria
bizkaia,forua,Forua
bizkaia,fruiz,Fruiz
bizkaia,galdakao,Galdakao
bizkaia,galdames,Galdames
bizkaia,gamiz-fika,Gamiz-Fika
bizkaia,garai,Garai
bizkaia,gatika,Gatika
bizkaia,gautegiz-arteaga,Gautegiz Arteaga
bizkaia,gernika-lumo,Gernika-Lumo
bizkaia,getxo,Getxo
bizkaia,gizaburuaga,Gizaburuaga
bizkaia,gordexola,Gordexola
bizkaia,gorliz,Gorliz
bizkaia,guenes,Gueñes
bizkaia,ibarrangelu,Ibarrangelu
bizkaia,igorre,Igorre
bizkaia,ispaster,Ispaster
bizkaia,iurreta,Iurreta
bizkaia,izurtza,Izurtza
bizkaia,karrantza-harana,Karrantza Harana
bizkaia,kortezubi,Kortezubi
bizkaia,lanestosa,Lanestosa
bizkaia,larrabetzu,Larrabetzu
bizkaia,laukiz,Laukiz
bizkaia,leioa,Leioa
bizkaia,lekeitio,Lekeitio
bizkaia,lemoa,Lemoa
bizkaia,lemoiz,Lemoiz
bizkaia,lezama,Lezama
bizkaia,loiu,Loiu
bizkaia,mallabia,Mallabia
bizkaia,manaria,Mañaria
bizkaia,markina-xemein,Markina-Xemein
bizkaia,maruri-jatabe,Maruri-Jatabe
bizkaia,mendata,Mendata
bizkaia,mendexa,Mendexa
bizkaia,menaka,Meñaka
bizkaia,morga,Morga
bizkaia,mundaka,Mundaka
bizkaia,mungia,Mungia
bizkaia,munitibar-arbatzegi-gerrikaitz,Munitibar-Arbatzegi Gerrikaitz
bizkaia,murueta,Murueta
bizkaia,muskiz,Muskiz
bizkaia,muxika,Muxika
bizkaia,nabarniz,Nabarniz
bizkaia,ondarroa,Ondarroa
bizkaia,orozko,Orozko
bizkaia,ortuella,Ortuella
bizkaia,otxandio,Otxandio
bizkaia,plentzia,Plentzia
bizkaia,portugalete,Portugalete
bizkaia,santurtzi,Santurtzi
bizkaia,sestao,Sestao
bizkaia,sondika,Sondika
bizkaia,sopela,Sopela
bizkaia,sopuerta,Sopuerta
bizkaia,sukarrieta,Sukarrieta
bizkaia,trapagaran,Trapagaran
bizkaia,turtzioz,Turtzioz
bizkaia,ubide,Ubide
bizkaia,ugao-miraballes,Ugao-Miraballes
bizkaia,urduliz,Urduliz
bizkaia,urduna,Urduña
bizkaia,zaldibar,Zaldibar
bizkaia,zalla,Zalla
bizkaia,zamudio,Zamudio
bizkaia,zaratamo,Zaratamo
bizkaia,zeanuri,Zeanuri
bizkaia,zeberio,Zeberio
bizkaia,zierbena,Zierbena
bizkaia,ziortza-bolibar,Ziortza-Bolibar
